"0","transcriptPartialDataEcon <- list("
"0","  學號 = transcriptData[[1]][logicFromEcon],"
"0","  學分數 = transcriptData[[7]][logicFromEcon],"
"0","   ""必選修類別（必∕選∕通）"" = transcriptData[[8]][logicFromEcon])"
"2","Warning message:
"
"2","In strsplit(code, ""\n"", fixed = TRUE) :"
"2","
 "
"2"," input string 1 is invalid in this locale
"
"0","transcriptPartialDataEcon"
"1","$學號
"
"1","   [1]"
"1"," ""5bdS6977b"""
"1"," ""5bdS6977b"""
"1"," ""5bdS6977b"""
"1"," ""5bdS6977b"""
"1"," ""5bdS6977b"""
"1"," ""5bdS6977b"""
"1"," ""5bdS6977b"""
"1","
"
"1","   [8]"
"1"," ""5bdS6977b"""
"1"," ""5bdS6977b"""
"1"," ""5bdS6977b"""
"1"," ""5bdS6977b"""
"1"," ""5bdS6977b"""
"1"," ""5bdS6977b"""
"1"," ""5bdS6977b"""
"1","
"
"1","  [15]"
"1"," ""5bdS6977b"""
"1"," ""5bdS6977b"""
"1"," ""5bdS6977b"""
"1"," ""5bdS6977b"""
"1"," ""5bdS6977b"""
"1"," ""5bdS6977b"""
"1"," ""5bdS6977b"""
"1","
"
"1","  [22]"
"1"," ""5bdS6977b"""
"1"," ""5bdS6977b"""
"1"," ""5bdS6977b"""
"1"," ""5bdS6977b"""
"1"," ""5bdS6977b"""
"1"," ""5bdS6977b"""
"1"," ""5bdS6977b"""
"1","
"
"1","  [29]"
"1"," ""5bdS6977b"""
"1"," ""5bdS6977b"""
"1"," ""5bdS6977b"""
"1"," ""5bdS6977b"""
"1"," ""5bdS6977b"""
"1"," ""5bdS6977b"""
"1"," ""5bdS6977b"""
"1","
"
"1","  [36]"
"1"," ""5bdS6977b"""
"1"," ""5bdS6977b"""
"1"," ""5bdS6977b"""
"1"," ""5bdS6977b"""
"1"," ""5bdS6977b"""
"1"," ""5bdS6977b"""
"1"," ""5bdS6977b"""
"1","
"
"1","  [43]"
"1"," ""5bdS6977b"""
"1"," ""5bdS6977b"""
"1"," ""5bdS6977b"""
"1"," ""5bdS6977b"""
"1"," ""5bdS6977b"""
"1"," ""5bdS6977b"""
"1"," ""5bdS6977b"""
"1","
"
"1","  [50]"
"1"," ""5bdS6977b"""
"1"," ""5bdS6977b"""
"1"," ""5bdS6977b"""
"1"," ""5bdS6977b"""
"1"," ""5bdS6977b"""
"1"," ""5bdS6977b"""
"1"," ""5bdS6977b"""
"1","
"
"1","  [57]"
"1"," ""5bdS6977b"""
"1"," ""5bdS6977b"""
"1"," ""5bdS6977b"""
"1"," ""5bdS6977b"""
"1"," ""5bdS6977b"""
"1"," ""5bdS6977b"""
"1"," ""5bdS6977b"""
"1","
"
"1","  [64]"
"1"," ""5bdS6977b"""
"1"," ""5bdS6977b"""
"1"," ""5bdS6977b"""
"1"," ""33dS6a3d4"""
"1"," ""33dS6a3d4"""
"1"," ""33dS6a3d4"""
"1"," ""33dS6a3d4"""
"1","
"
"1","  [71]"
"1"," ""33dS6a3d4"""
"1"," ""33dS6a3d4"""
"1"," ""33dS6a3d4"""
"1"," ""33dS6a3d4"""
"1"," ""33dS6a3d4"""
"1"," ""33dS6a3d4"""
"1"," ""33dS6a3d4"""
"1","
"
"1","  [78]"
"1"," ""33dS6a3d4"""
"1"," ""33dS6a3d4"""
"1"," ""33dS6a3d4"""
"1"," ""33dS6a3d4"""
"1"," ""33dS6a3d4"""
"1"," ""33dS6a3d4"""
"1"," ""33dS6a3d4"""
"1","
"
"1","  [85]"
"1"," ""33dS6a3d4"""
"1"," ""33dS6a3d4"""
"1"," ""33dS6a3d4"""
"1"," ""33dS6a3d4"""
"1"," ""33dS6a3d4"""
"1"," ""33dS6a3d4"""
"1"," ""33dS6a3d4"""
"1","
"
"1","  [92]"
"1"," ""33dS6a3d4"""
"1"," ""33dS6a3d4"""
"1"," ""33dS6a3d4"""
"1"," ""33dS6a3d4"""
"1"," ""33dS6a3d4"""
"1"," ""33dS6a3d4"""
"1"," ""33dS6a3d4"""
"1","
"
"1","  [99]"
"1"," ""33dS6a3d4"""
"1"," ""33dS6a3d4"""
"1"," ""33dS6a3d4"""
"1"," ""33dS6a3d4"""
"1"," ""33dS6a3d4"""
"1"," ""33dS6a3d4"""
"1"," ""33dS6a3d4"""
"1","
"
"1"," [106]"
"1"," ""33dS6a3d4"""
"1"," ""33dS6a3d4"""
"1"," ""33dS6a3d4"""
"1"," ""33dS6a3d4"""
"1"," ""33dS6a3d4"""
"1"," ""33dS6a3d4"""
"1"," ""33dS6a3d4"""
"1","
"
"1"," [113]"
"1"," ""33dS6a3d4"""
"1"," ""33dS6a3d4"""
"1"," ""33dS6a3d4"""
"1"," ""33dS6a3d4"""
"1"," ""33dS6a3d4"""
"1"," ""33dS6a3d4"""
"1"," ""33dS6a3d4"""
"1","
"
"1"," [120]"
"1"," ""33dS6a3d4"""
"1"," ""33dS6a3d4"""
"1"," ""33dS6a3d4"""
"1"," ""33dS6a3d4"""
"1"," ""33dS6a3d4"""
"1"," ""33dS6a3d4"""
"1"," ""33dS6a3d4"""
"1","
"
"1"," [127]"
"1"," ""33dS6a3d4"""
"1"," ""33dS6a3d4"""
"1"," ""33dS6a3d4"""
"1"," ""33dS6a3d4"""
"1"," ""33dS6a3d4"""
"1"," ""33dS6a3d4"""
"1"," ""33dS6a3d4"""
"1","
"
"1"," [134]"
"1"," ""33dS6a3d4"""
"1"," ""33dS6a3d4"""
"1"," ""33dS6a3d4"""
"1"," ""393S6e2fb"""
"1"," ""393S6e2fb"""
"1"," ""393S6e2fb"""
"1"," ""393S6e2fb"""
"1","
"
"1"," [141]"
"1"," ""393S6e2fb"""
"1"," ""393S6e2fb"""
"1"," ""393S6e2fb"""
"1"," ""393S6e2fb"""
"1"," ""393S6e2fb"""
"1"," ""393S6e2fb"""
"1"," ""393S6e2fb"""
"1","
"
"1"," [148]"
"1"," ""393S6e2fb"""
"1"," ""393S6e2fb"""
"1"," ""393S6e2fb"""
"1"," ""393S6e2fb"""
"1"," ""393S6e2fb"""
"1"," ""393S6e2fb"""
"1"," ""393S6e2fb"""
"1","
"
"1"," [155]"
"1"," ""393S6e2fb"""
"1"," ""393S6e2fb"""
"1"," ""393S6e2fb"""
"1"," ""393S6e2fb"""
"1"," ""393S6e2fb"""
"1"," ""393S6e2fb"""
"1"," ""393S6e2fb"""
"1","
"
"1"," [162]"
"1"," ""393S6e2fb"""
"1"," ""393S6e2fb"""
"1"," ""393S6e2fb"""
"1"," ""393S6e2fb"""
"1"," ""393S6e2fb"""
"1"," ""393S6e2fb"""
"1"," ""393S6e2fb"""
"1","
"
"1"," [169]"
"1"," ""393S6e2fb"""
"1"," ""393S6e2fb"""
"1"," ""393S6e2fb"""
"1"," ""393S6e2fb"""
"1"," ""393S6e2fb"""
"1"," ""393S6e2fb"""
"1"," ""393S6e2fb"""
"1","
"
"1"," [176]"
"1"," ""393S6e2fb"""
"1"," ""393S6e2fb"""
"1"," ""393S6e2fb"""
"1"," ""393S6e2fb"""
"1"," ""393S6e2fb"""
"1"," ""393S6e2fb"""
"1"," ""393S6e2fb"""
"1","
"
"1"," [183]"
"1"," ""393S6e2fb"""
"1"," ""393S6e2fb"""
"1"," ""393S6e2fb"""
"1"," ""393S6e2fb"""
"1"," ""393S6e2fb"""
"1"," ""393S6e2fb"""
"1"," ""393S6e2fb"""
"1","
"
"1"," [190]"
"1"," ""393S6e2fb"""
"1"," ""393S6e2fb"""
"1"," ""393S6e2fb"""
"1"," ""393S6e2fb"""
"1"," ""393S6e2fb"""
"1"," ""393S6e2fb"""
"1"," ""393S6e2fb"""
"1","
"
"1"," [197]"
"1"," ""393S6e2fb"""
"1"," ""393S6e2fb"""
"1"," ""393S6e2fb"""
"1"," ""393S6e2fb"""
"1"," ""393S6e2fb"""
"1"," ""393S6e2fb"""
"1"," ""393S6e2fb"""
"1","
"
"1"," [204]"
"1"," ""36bS6f23a"""
"1"," ""36bS6f23a"""
"1"," ""36bS6f23a"""
"1"," ""36bS6f23a"""
"1"," ""36bS6f23a"""
"1"," ""36bS6f23a"""
"1"," ""36bS6f23a"""
"1","
"
"1"," [211]"
"1"," ""36bS6f23a"""
"1"," ""36bS6f23a"""
"1"," ""36bS6f23a"""
"1"," ""36bS6f23a"""
"1"," ""36bS6f23a"""
"1"," ""36bS6f23a"""
"1"," ""36bS6f23a"""
"1","
"
"1"," [218]"
"1"," ""36bS6f23a"""
"1"," ""36bS6f23a"""
"1"," ""36bS6f23a"""
"1"," ""36bS6f23a"""
"1"," ""36bS6f23a"""
"1"," ""36bS6f23a"""
"1"," ""36bS6f23a"""
"1","
"
"1"," [225]"
"1"," ""36bS6f23a"""
"1"," ""36bS6f23a"""
"1"," ""36bS6f23a"""
"1"," ""36bS6f23a"""
"1"," ""36bS6f23a"""
"1"," ""36bS6f23a"""
"1"," ""36bS6f23a"""
"1","
"
"1"," [232]"
"1"," ""36bS6f23a"""
"1"," ""36bS6f23a"""
"1"," ""36bS6f23a"""
"1"," ""36bS6f23a"""
"1"," ""36bS6f23a"""
"1"," ""36bS6f23a"""
"1"," ""36bS6f23a"""
"1","
"
"1"," [239]"
"1"," ""36bS6f23a"""
"1"," ""36bS6f23a"""
"1"," ""36bS6f23a"""
"1"," ""36bS6f23a"""
"1"," ""36bS6f23a"""
"1"," ""36bS6f23a"""
"1"," ""36bS6f23a"""
"1","
"
"1"," [246]"
"1"," ""36bS6f23a"""
"1"," ""36bS6f23a"""
"1"," ""36bS6f23a"""
"1"," ""36bS6f23a"""
"1"," ""36bS6f23a"""
"1"," ""36bS6f23a"""
"1"," ""36bS6f23a"""
"1","
"
"1"," [253]"
"1"," ""36bS6f23a"""
"1"," ""36bS6f23a"""
"1"," ""36bS6f23a"""
"1"," ""36bS6f23a"""
"1"," ""36bS6f23a"""
"1"," ""36bS6f23a"""
"1"," ""36bS6f23a"""
"1","
"
"1"," [260]"
"1"," ""36bS6f23a"""
"1"," ""36bS6f23a"""
"1"," ""36bS6f23a"""
"1"," ""36bS6f23a"""
"1"," ""36bS6f23a"""
"1"," ""36bS6f23a"""
"1"," ""36bS6f23a"""
"1","
"
"1"," [267]"
"1"," ""36bS6f23a"""
"1"," ""36bS6f23a"""
"1"," ""36bS6f23a"""
"1"," ""36bS6f23a"""
"1"," ""36bS6f23a"""
"1"," ""36bS6f23a"""
"1"," ""36bS6f23a"""
"1","
"
"1"," [274]"
"1"," ""36bS6f23a"""
"1"," ""36bS6f23a"""
"1"," ""36bS6f23a"""
"1"," ""36bS6f23a"""
"1"," ""03dS675ad"""
"1"," ""03dS675ad"""
"1"," ""03dS675ad"""
"1","
"
"1"," [281]"
"1"," ""03dS675ad"""
"1"," ""03dS675ad"""
"1"," ""03dS675ad"""
"1"," ""03dS675ad"""
"1"," ""03dS675ad"""
"1"," ""03dS675ad"""
"1"," ""03dS675ad"""
"1","
"
"1"," [288]"
"1"," ""03dS675ad"""
"1"," ""03dS675ad"""
"1"," ""03dS675ad"""
"1"," ""03dS675ad"""
"1"," ""03dS675ad"""
"1"," ""03dS675ad"""
"1"," ""03dS675ad"""
"1","
"
"1"," [295]"
"1"," ""03dS675ad"""
"1"," ""03dS675ad"""
"1"," ""03dS675ad"""
"1"," ""03dS675ad"""
"1"," ""03dS675ad"""
"1"," ""03dS675ad"""
"1"," ""03dS675ad"""
"1","
"
"1"," [302]"
"1"," ""03dS675ad"""
"1"," ""03dS675ad"""
"1"," ""03dS675ad"""
"1"," ""03dS675ad"""
"1"," ""03dS675ad"""
"1"," ""03dS675ad"""
"1"," ""03dS675ad"""
"1","
"
"1"," [309]"
"1"," ""03dS675ad"""
"1"," ""03dS675ad"""
"1"," ""03dS675ad"""
"1"," ""03dS675ad"""
"1"," ""03dS675ad"""
"1"," ""03dS675ad"""
"1"," ""03dS675ad"""
"1","
"
"1"," [316]"
"1"," ""03dS675ad"""
"1"," ""aceS6c515"""
"1"," ""aceS6c515"""
"1"," ""aceS6c515"""
"1"," ""aceS6c515"""
"1"," ""aceS6c515"""
"1"," ""aceS6c515"""
"1","
"
"1"," [323]"
"1"," ""aceS6c515"""
"1"," ""aceS6c515"""
"1"," ""aceS6c515"""
"1"," ""aceS6c515"""
"1"," ""aceS6c515"""
"1"," ""aceS6c515"""
"1"," ""aceS6c515"""
"1","
"
"1"," [330]"
"1"," ""aceS6c515"""
"1"," ""aceS6c515"""
"1"," ""aceS6c515"""
"1"," ""aceS6c515"""
"1"," ""aceS6c515"""
"1"," ""aceS6c515"""
"1"," ""aceS6c515"""
"1","
"
"1"," [337]"
"1"," ""aceS6c515"""
"1"," ""aceS6c515"""
"1"," ""aceS6c515"""
"1"," ""aceS6c515"""
"1"," ""aceS6c515"""
"1"," ""aceS6c515"""
"1"," ""aceS6c515"""
"1","
"
"1"," [344]"
"1"," ""aceS6c515"""
"1"," ""aceS6c515"""
"1"," ""aceS6c515"""
"1"," ""aceS6c515"""
"1"," ""aceS6c515"""
"1"," ""aceS6c515"""
"1"," ""aceS6c515"""
"1","
"
"1"," [351]"
"1"," ""aceS6c515"""
"1"," ""aceS6c515"""
"1"," ""aceS6c515"""
"1"," ""aceS6c515"""
"1"," ""aceS6c515"""
"1"," ""aceS6c515"""
"1"," ""aceS6c515"""
"1","
"
"1"," [358]"
"1"," ""aceS6c515"""
"1"," ""aceS6c515"""
"1"," ""aceS6c515"""
"1"," ""aceS6c515"""
"1"," ""aceS6c515"""
"1"," ""aceS6c515"""
"1"," ""aceS6c515"""
"1","
"
"1"," [365]"
"1"," ""aceS6c515"""
"1"," ""aceS6c515"""
"1"," ""aceS6c515"""
"1"," ""aceS6c515"""
"1"," ""aceS6c515"""
"1"," ""aceS6c515"""
"1"," ""aceS6c515"""
"1","
"
"1"," [372]"
"1"," ""aceS6c515"""
"1"," ""aceS6c515"""
"1"," ""aceS6c515"""
"1"," ""aceS6c515"""
"1"," ""aceS6c515"""
"1"," ""aceS6c515"""
"1"," ""aceS6c515"""
"1","
"
"1"," [379]"
"1"," ""aceS6c515"""
"1"," ""aceS6c515"""
"1"," ""aceS6c515"""
"1"," ""aceS6c515"""
"1"," ""aceS6c515"""
"1"," ""aceS6c515"""
"1"," ""aceS6c515"""
"1","
"
"1"," [386]"
"1"," ""aceS6c515"""
"1"," ""aceS6c515"""
"1"," ""aceS6c515"""
"1"," ""aceS6c515"""
"1"," ""aceS6c515"""
"1"," ""aceS6c515"""
"1"," ""aceS6c515"""
"1","
"
"1"," [393]"
"1"," ""aceS6c515"""
"1"," ""82eS6bfe3"""
"1"," ""82eS6bfe3"""
"1"," ""82eS6bfe3"""
"1"," ""82eS6bfe3"""
"1"," ""82eS6bfe3"""
"1"," ""82eS6bfe3"""
"1","
"
"1"," [400]"
"1"," ""82eS6bfe3"""
"1"," ""82eS6bfe3"""
"1"," ""82eS6bfe3"""
"1"," ""82eS6bfe3"""
"1"," ""82eS6bfe3"""
"1"," ""82eS6bfe3"""
"1"," ""82eS6bfe3"""
"1","
"
"1"," [407]"
"1"," ""82eS6bfe3"""
"1"," ""82eS6bfe3"""
"1"," ""82eS6bfe3"""
"1"," ""82eS6bfe3"""
"1"," ""82eS6bfe3"""
"1"," ""82eS6bfe3"""
"1"," ""82eS6bfe3"""
"1","
"
"1"," [414]"
"1"," ""82eS6bfe3"""
"1"," ""82eS6bfe3"""
"1"," ""82eS6bfe3"""
"1"," ""82eS6bfe3"""
"1"," ""82eS6bfe3"""
"1"," ""82eS6bfe3"""
"1"," ""82eS6bfe3"""
"1","
"
"1"," [421]"
"1"," ""82eS6bfe3"""
"1"," ""82eS6bfe3"""
"1"," ""82eS6bfe3"""
"1"," ""82eS6bfe3"""
"1"," ""82eS6bfe3"""
"1"," ""82eS6bfe3"""
"1"," ""82eS6bfe3"""
"1","
"
"1"," [428]"
"1"," ""82eS6bfe3"""
"1"," ""82eS6bfe3"""
"1"," ""82eS6bfe3"""
"1"," ""82eS6bfe3"""
"1"," ""82eS6bfe3"""
"1"," ""82eS6bfe3"""
"1"," ""82eS6bfe3"""
"1","
"
"1"," [435]"
"1"," ""82eS6bfe3"""
"1"," ""82eS6bfe3"""
"1"," ""82eS6bfe3"""
"1"," ""82eS6bfe3"""
"1"," ""82eS6bfe3"""
"1"," ""82eS6bfe3"""
"1"," ""82eS6bfe3"""
"1","
"
"1"," [442]"
"1"," ""82eS6bfe3"""
"1"," ""82eS6bfe3"""
"1"," ""82eS6bfe3"""
"1"," ""82eS6bfe3"""
"1"," ""82eS6bfe3"""
"1"," ""82eS6bfe3"""
"1"," ""82eS6bfe3"""
"1","
"
"1"," [449]"
"1"," ""82eS6bfe3"""
"1"," ""82eS6bfe3"""
"1"," ""82eS6bfe3"""
"1"," ""82eS6bfe3"""
"1"," ""82eS6bfe3"""
"1"," ""82eS6bfe3"""
"1"," ""82eS6bfe3"""
"1","
"
"1"," [456]"
"1"," ""82eS6bfe3"""
"1"," ""82eS6bfe3"""
"1"," ""82eS6bfe3"""
"1"," ""82eS6bfe3"""
"1"," ""82eS6bfe3"""
"1"," ""82eS6bfe3"""
"1"," ""82eS6bfe3"""
"1","
"
"1"," [463]"
"1"," ""82eS6bfe3"""
"1"," ""783S61cd8"""
"1"," ""783S61cd8"""
"1"," ""783S61cd8"""
"1"," ""783S61cd8"""
"1"," ""783S61cd8"""
"1"," ""783S61cd8"""
"1","
"
"1"," [470]"
"1"," ""783S61cd8"""
"1"," ""783S61cd8"""
"1"," ""783S61cd8"""
"1"," ""381S62aeb"""
"1"," ""381S62aeb"""
"1"," ""381S62aeb"""
"1"," ""381S62aeb"""
"1","
"
"1"," [477]"
"1"," ""381S62aeb"""
"1"," ""381S62aeb"""
"1"," ""381S62aeb"""
"1"," ""381S62aeb"""
"1"," ""381S62aeb"""
"1"," ""381S62aeb"""
"1"," ""381S62aeb"""
"1","
"
"1"," [484]"
"1"," ""381S62aeb"""
"1"," ""381S62aeb"""
"1"," ""381S62aeb"""
"1"," ""381S62aeb"""
"1"," ""381S62aeb"""
"1"," ""381S62aeb"""
"1"," ""381S62aeb"""
"1","
"
"1"," [491]"
"1"," ""381S62aeb"""
"1"," ""381S62aeb"""
"1"," ""381S62aeb"""
"1"," ""381S62aeb"""
"1"," ""381S62aeb"""
"1"," ""381S62aeb"""
"1"," ""381S62aeb"""
"1","
"
"1"," [498]"
"1"," ""381S62aeb"""
"1"," ""381S62aeb"""
"1"," ""381S62aeb"""
"1"," ""381S62aeb"""
"1"," ""381S62aeb"""
"1"," ""381S62aeb"""
"1"," ""381S62aeb"""
"1","
"
"1"," [505]"
"1"," ""381S62aeb"""
"1"," ""381S62aeb"""
"1"," ""381S62aeb"""
"1"," ""381S62aeb"""
"1"," ""381S62aeb"""
"1"," ""381S62aeb"""
"1"," ""381S62aeb"""
"1","
"
"1"," [512]"
"1"," ""381S62aeb"""
"1"," ""381S62aeb"""
"1"," ""381S62aeb"""
"1"," ""381S62aeb"""
"1"," ""381S62aeb"""
"1"," ""381S62aeb"""
"1"," ""381S62aeb"""
"1","
"
"1"," [519]"
"1"," ""381S62aeb"""
"1"," ""381S62aeb"""
"1"," ""381S62aeb"""
"1"," ""381S62aeb"""
"1"," ""381S62aeb"""
"1"," ""381S62aeb"""
"1"," ""381S62aeb"""
"1","
"
"1"," [526]"
"1"," ""381S62aeb"""
"1"," ""381S62aeb"""
"1"," ""381S62aeb"""
"1"," ""381S62aeb"""
"1"," ""381S62aeb"""
"1"," ""381S62aeb"""
"1"," ""381S62aeb"""
"1","
"
"1"," [533]"
"1"," ""381S62aeb"""
"1"," ""381S62aeb"""
"1"," ""381S62aeb"""
"1"," ""381S62aeb"""
"1"," ""381S62aeb"""
"1"," ""381S62aeb"""
"1"," ""381S62aeb"""
"1","
"
"1"," [540]"
"1"," ""381S62aeb"""
"1"," ""381S62aeb"""
"1"," ""381S62aeb"""
"1"," ""49bS619de"""
"1"," ""49bS619de"""
"1"," ""49bS619de"""
"1"," ""49bS619de"""
"1","
"
"1"," [547]"
"1"," ""49bS619de"""
"1"," ""49bS619de"""
"1"," ""49bS619de"""
"1"," ""49bS619de"""
"1"," ""49bS619de"""
"1"," ""49bS619de"""
"1"," ""49bS619de"""
"1","
"
"1"," [554]"
"1"," ""49bS619de"""
"1"," ""49bS619de"""
"1"," ""49bS619de"""
"1"," ""49bS619de"""
"1"," ""49bS619de"""
"1"," ""49bS619de"""
"1"," ""49bS619de"""
"1","
"
"1"," [561]"
"1"," ""49bS619de"""
"1"," ""49bS619de"""
"1"," ""49bS619de"""
"1"," ""49bS619de"""
"1"," ""49bS619de"""
"1"," ""49bS619de"""
"1"," ""49bS619de"""
"1","
"
"1"," [568]"
"1"," ""49bS619de"""
"1"," ""49bS619de"""
"1"," ""49bS619de"""
"1"," ""49bS619de"""
"1"," ""49bS619de"""
"1"," ""49bS619de"""
"1"," ""49bS619de"""
"1","
"
"1"," [575]"
"1"," ""49bS619de"""
"1"," ""49bS619de"""
"1"," ""49bS619de"""
"1"," ""49bS619de"""
"1"," ""49bS619de"""
"1"," ""49bS619de"""
"1"," ""49bS619de"""
"1","
"
"1"," [582]"
"1"," ""49bS619de"""
"1"," ""49bS619de"""
"1"," ""49bS619de"""
"1"," ""49bS619de"""
"1"," ""49bS619de"""
"1"," ""49bS619de"""
"1"," ""49bS619de"""
"1","
"
"1"," [589]"
"1"," ""49bS619de"""
"1"," ""49bS619de"""
"1"," ""49bS619de"""
"1"," ""49bS619de"""
"1"," ""49bS619de"""
"1"," ""49bS619de"""
"1"," ""49bS619de"""
"1","
"
"1"," [596]"
"1"," ""49bS619de"""
"1"," ""49bS619de"""
"1"," ""49bS619de"""
"1"," ""49bS619de"""
"1"," ""49bS619de"""
"1"," ""49bS619de"""
"1"," ""49bS619de"""
"1","
"
"1"," [603]"
"1"," ""49bS619de"""
"1"," ""49bS619de"""
"1"," ""49bS619de"""
"1"," ""49bS619de"""
"1"," ""49bS619de"""
"1"," ""49bS619de"""
"1"," ""49bS619de"""
"1","
"
"1"," [610]"
"1"," ""49bS619de"""
"1"," ""49bS619de"""
"1"," ""49bS619de"""
"1"," ""49bS619de"""
"1"," ""49bS619de"""
"1"," ""49bS619de"""
"1"," ""102S6ea5a"""
"1","
"
"1"," [617]"
"1"," ""102S6ea5a"""
"1"," ""102S6ea5a"""
"1"," ""102S6ea5a"""
"1"," ""102S6ea5a"""
"1"," ""102S6ea5a"""
"1"," ""102S6ea5a"""
"1"," ""102S6ea5a"""
"1","
"
"1"," [624]"
"1"," ""102S6ea5a"""
"1"," ""102S6ea5a"""
"1"," ""102S6ea5a"""
"1"," ""102S6ea5a"""
"1"," ""102S6ea5a"""
"1"," ""102S6ea5a"""
"1"," ""102S6ea5a"""
"1","
"
"1"," [631]"
"1"," ""102S6ea5a"""
"1"," ""102S6ea5a"""
"1"," ""102S6ea5a"""
"1"," ""102S6ea5a"""
"1"," ""102S6ea5a"""
"1"," ""102S6ea5a"""
"1"," ""102S6ea5a"""
"1","
"
"1"," [638]"
"1"," ""102S6ea5a"""
"1"," ""102S6ea5a"""
"1"," ""102S6ea5a"""
"1"," ""102S6ea5a"""
"1"," ""102S6ea5a"""
"1"," ""102S6ea5a"""
"1"," ""102S6ea5a"""
"1","
"
"1"," [645]"
"1"," ""102S6ea5a"""
"1"," ""102S6ea5a"""
"1"," ""102S6ea5a"""
"1"," ""102S6ea5a"""
"1"," ""102S6ea5a"""
"1"," ""102S6ea5a"""
"1"," ""102S6ea5a"""
"1","
"
"1"," [652]"
"1"," ""102S6ea5a"""
"1"," ""102S6ea5a"""
"1"," ""102S6ea5a"""
"1"," ""102S6ea5a"""
"1"," ""102S6ea5a"""
"1"," ""102S6ea5a"""
"1"," ""102S6ea5a"""
"1","
"
"1"," [659]"
"1"," ""102S6ea5a"""
"1"," ""102S6ea5a"""
"1"," ""102S6ea5a"""
"1"," ""102S6ea5a"""
"1"," ""102S6ea5a"""
"1"," ""102S6ea5a"""
"1"," ""102S6ea5a"""
"1","
"
"1"," [666]"
"1"," ""102S6ea5a"""
"1"," ""102S6ea5a"""
"1"," ""102S6ea5a"""
"1"," ""102S6ea5a"""
"1"," ""102S6ea5a"""
"1"," ""102S6ea5a"""
"1"," ""102S6ea5a"""
"1","
"
"1"," [673]"
"1"," ""102S6ea5a"""
"1"," ""102S6ea5a"""
"1"," ""102S6ea5a"""
"1"," ""102S6ea5a"""
"1"," ""102S6ea5a"""
"1"," ""102S6ea5a"""
"1"," ""102S6ea5a"""
"1","
"
"1"," [680]"
"1"," ""102S6ea5a"""
"1"," ""102S6ea5a"""
"1"," ""102S6ea5a"""
"1"," ""102S6ea5a"""
"1"," ""102S6ea5a"""
"1"," ""102S6ea5a"""
"1"," ""102S6ea5a"""
"1","
"
"1"," [687]"
"1"," ""102S6ea5a"""
"1"," ""102S6ea5a"""
"1"," ""e03S6a6ed"""
"1"," ""e03S6a6ed"""
"1"," ""e03S6a6ed"""
"1"," ""e03S6a6ed"""
"1"," ""e03S6a6ed"""
"1","
"
"1"," [694]"
"1"," ""e03S6a6ed"""
"1"," ""e03S6a6ed"""
"1"," ""e03S6a6ed"""
"1"," ""e03S6a6ed"""
"1"," ""e03S6a6ed"""
"1"," ""e03S6a6ed"""
"1"," ""e03S6a6ed"""
"1","
"
"1"," [701]"
"1"," ""e03S6a6ed"""
"1"," ""e03S6a6ed"""
"1"," ""e03S6a6ed"""
"1"," ""e03S6a6ed"""
"1"," ""e03S6a6ed"""
"1"," ""e03S6a6ed"""
"1"," ""e03S6a6ed"""
"1","
"
"1"," [708]"
"1"," ""e03S6a6ed"""
"1"," ""e03S6a6ed"""
"1"," ""e03S6a6ed"""
"1"," ""e03S6a6ed"""
"1"," ""e03S6a6ed"""
"1"," ""e03S6a6ed"""
"1"," ""e03S6a6ed"""
"1","
"
"1"," [715]"
"1"," ""e03S6a6ed"""
"1"," ""e03S6a6ed"""
"1"," ""e03S6a6ed"""
"1"," ""e03S6a6ed"""
"1"," ""e03S6a6ed"""
"1"," ""e03S6a6ed"""
"1"," ""e03S6a6ed"""
"1","
"
"1"," [722]"
"1"," ""e03S6a6ed"""
"1"," ""e03S6a6ed"""
"1"," ""e03S6a6ed"""
"1"," ""e03S6a6ed"""
"1"," ""e03S6a6ed"""
"1"," ""e03S6a6ed"""
"1"," ""e03S6a6ed"""
"1","
"
"1"," [729]"
"1"," ""e03S6a6ed"""
"1"," ""e03S6a6ed"""
"1"," ""e03S6a6ed"""
"1"," ""e03S6a6ed"""
"1"," ""e03S6a6ed"""
"1"," ""e03S6a6ed"""
"1"," ""e03S6a6ed"""
"1","
"
"1"," [736]"
"1"," ""e03S6a6ed"""
"1"," ""e03S6a6ed"""
"1"," ""e03S6a6ed"""
"1"," ""e03S6a6ed"""
"1"," ""e03S6a6ed"""
"1"," ""e03S6a6ed"""
"1"," ""e03S6a6ed"""
"1","
"
"1"," [743]"
"1"," ""e03S6a6ed"""
"1"," ""e03S6a6ed"""
"1"," ""e03S6a6ed"""
"1"," ""e03S6a6ed"""
"1"," ""e03S6a6ed"""
"1"," ""e03S6a6ed"""
"1"," ""e03S6a6ed"""
"1","
"
"1"," [750]"
"1"," ""e03S6a6ed"""
"1"," ""e03S6a6ed"""
"1"," ""e03S6a6ed"""
"1"," ""4c1S60104"""
"1"," ""4c1S60104"""
"1"," ""4c1S60104"""
"1"," ""4c1S60104"""
"1","
"
"1"," [757]"
"1"," ""4c1S60104"""
"1"," ""4c1S60104"""
"1"," ""4c1S60104"""
"1"," ""4c1S60104"""
"1"," ""4c1S60104"""
"1"," ""4c1S60104"""
"1"," ""4c1S60104"""
"1","
"
"1"," [764]"
"1"," ""4c1S60104"""
"1"," ""4c1S60104"""
"1"," ""4c1S60104"""
"1"," ""4c1S60104"""
"1"," ""4c1S60104"""
"1"," ""4c1S60104"""
"1"," ""4c1S60104"""
"1","
"
"1"," [771]"
"1"," ""4c1S60104"""
"1"," ""4c1S60104"""
"1"," ""4c1S60104"""
"1"," ""4c1S60104"""
"1"," ""4c1S60104"""
"1"," ""4c1S60104"""
"1"," ""4c1S60104"""
"1","
"
"1"," [778]"
"1"," ""4c1S60104"""
"1"," ""4c1S60104"""
"1"," ""4c1S60104"""
"1"," ""4c1S60104"""
"1"," ""4c1S60104"""
"1"," ""4c1S60104"""
"1"," ""4c1S60104"""
"1","
"
"1"," [785]"
"1"," ""4c1S60104"""
"1"," ""4c1S60104"""
"1"," ""4c1S60104"""
"1"," ""4c1S60104"""
"1"," ""4c1S60104"""
"1"," ""4c1S60104"""
"1"," ""4c1S60104"""
"1","
"
"1"," [792]"
"1"," ""4c1S60104"""
"1"," ""4c1S60104"""
"1"," ""4c1S60104"""
"1"," ""4c1S60104"""
"1"," ""4c1S60104"""
"1"," ""4c1S60104"""
"1"," ""4c1S60104"""
"1","
"
"1"," [799]"
"1"," ""4c1S60104"""
"1"," ""4c1S60104"""
"1"," ""4c1S60104"""
"1"," ""4c1S60104"""
"1"," ""4c1S60104"""
"1"," ""4c1S60104"""
"1"," ""4c1S60104"""
"1","
"
"1"," [806]"
"1"," ""4c1S60104"""
"1"," ""4c1S60104"""
"1"," ""4c1S60104"""
"1"," ""4c1S60104"""
"1"," ""4c1S60104"""
"1"," ""4c1S60104"""
"1"," ""4c1S60104"""
"1","
"
"1"," [813]"
"1"," ""4c1S60104"""
"1"," ""4c1S60104"""
"1"," ""4c1S60104"""
"1"," ""4c1S60104"""
"1"," ""4c1S60104"""
"1"," ""4c1S60104"""
"1"," ""4c1S60104"""
"1","
"
"1"," [820]"
"1"," ""4c1S60104"""
"1"," ""647S6edcf"""
"1"," ""647S6edcf"""
"1"," ""647S6edcf"""
"1"," ""647S6edcf"""
"1"," ""647S6edcf"""
"1"," ""647S6edcf"""
"1","
"
"1"," [827]"
"1"," ""647S6edcf"""
"1"," ""647S6edcf"""
"1"," ""647S6edcf"""
"1"," ""647S6edcf"""
"1"," ""647S6edcf"""
"1"," ""647S6edcf"""
"1"," ""647S6edcf"""
"1","
"
"1"," [834]"
"1"," ""647S6edcf"""
"1"," ""647S6edcf"""
"1"," ""647S6edcf"""
"1"," ""647S6edcf"""
"1"," ""647S6edcf"""
"1"," ""647S6edcf"""
"1"," ""647S6edcf"""
"1","
"
"1"," [841]"
"1"," ""647S6edcf"""
"1"," ""647S6edcf"""
"1"," ""647S6edcf"""
"1"," ""647S6edcf"""
"1"," ""647S6edcf"""
"1"," ""647S6edcf"""
"1"," ""647S6edcf"""
"1","
"
"1"," [848]"
"1"," ""647S6edcf"""
"1"," ""647S6edcf"""
"1"," ""647S6edcf"""
"1"," ""647S6edcf"""
"1"," ""647S6edcf"""
"1"," ""647S6edcf"""
"1"," ""647S6edcf"""
"1","
"
"1"," [855]"
"1"," ""647S6edcf"""
"1"," ""647S6edcf"""
"1"," ""647S6edcf"""
"1"," ""647S6edcf"""
"1"," ""647S6edcf"""
"1"," ""647S6edcf"""
"1"," ""647S6edcf"""
"1","
"
"1"," [862]"
"1"," ""647S6edcf"""
"1"," ""647S6edcf"""
"1"," ""647S6edcf"""
"1"," ""647S6edcf"""
"1"," ""647S6edcf"""
"1"," ""647S6edcf"""
"1"," ""647S6edcf"""
"1","
"
"1"," [869]"
"1"," ""647S6edcf"""
"1"," ""647S6edcf"""
"1"," ""647S6edcf"""
"1"," ""647S6edcf"""
"1"," ""647S6edcf"""
"1"," ""647S6edcf"""
"1"," ""647S6edcf"""
"1","
"
"1"," [876]"
"1"," ""647S6edcf"""
"1"," ""647S6edcf"""
"1"," ""647S6edcf"""
"1"," ""647S6edcf"""
"1"," ""647S6edcf"""
"1"," ""647S6edcf"""
"1"," ""647S6edcf"""
"1","
"
"1"," [883]"
"1"," ""647S6edcf"""
"1"," ""647S6edcf"""
"1"," ""647S6edcf"""
"1"," ""647S6edcf"""
"1"," ""647S6edcf"""
"1"," ""647S6edcf"""
"1"," ""647S6edcf"""
"1","
"
"1"," [890]"
"1"," ""647S6edcf"""
"1"," ""647S6edcf"""
"1"," ""647S6edcf"""
"1"," ""647S6edcf"""
"1"," ""647S6edcf"""
"1"," ""647S6edcf"""
"1"," ""647S6edcf"""
"1","
"
"1"," [897]"
"1"," ""647S6edcf"""
"1"," ""647S6edcf"""
"1"," ""647S6edcf"""
"1"," ""680S6aa3f"""
"1"," ""680S6aa3f"""
"1"," ""680S6aa3f"""
"1"," ""680S6aa3f"""
"1","
"
"1"," [904]"
"1"," ""680S6aa3f"""
"1"," ""680S6aa3f"""
"1"," ""680S6aa3f"""
"1"," ""680S6aa3f"""
"1"," ""680S6aa3f"""
"1"," ""680S6aa3f"""
"1"," ""680S6aa3f"""
"1","
"
"1"," [911]"
"1"," ""680S6aa3f"""
"1"," ""680S6aa3f"""
"1"," ""680S6aa3f"""
"1"," ""680S6aa3f"""
"1"," ""680S6aa3f"""
"1"," ""680S6aa3f"""
"1"," ""680S6aa3f"""
"1","
"
"1"," [918]"
"1"," ""680S6aa3f"""
"1"," ""680S6aa3f"""
"1"," ""680S6aa3f"""
"1"," ""680S6aa3f"""
"1"," ""680S6aa3f"""
"1"," ""680S6aa3f"""
"1"," ""680S6aa3f"""
"1","
"
"1"," [925]"
"1"," ""680S6aa3f"""
"1"," ""680S6aa3f"""
"1"," ""680S6aa3f"""
"1"," ""680S6aa3f"""
"1"," ""680S6aa3f"""
"1"," ""680S6aa3f"""
"1"," ""680S6aa3f"""
"1","
"
"1"," [932]"
"1"," ""680S6aa3f"""
"1"," ""680S6aa3f"""
"1"," ""680S6aa3f"""
"1"," ""680S6aa3f"""
"1"," ""680S6aa3f"""
"1"," ""680S6aa3f"""
"1"," ""680S6aa3f"""
"1","
"
"1"," [939]"
"1"," ""680S6aa3f"""
"1"," ""680S6aa3f"""
"1"," ""680S6aa3f"""
"1"," ""680S6aa3f"""
"1"," ""680S6aa3f"""
"1"," ""680S6aa3f"""
"1"," ""680S6aa3f"""
"1","
"
"1"," [946]"
"1"," ""680S6aa3f"""
"1"," ""680S6aa3f"""
"1"," ""680S6aa3f"""
"1"," ""680S6aa3f"""
"1"," ""680S6aa3f"""
"1"," ""680S6aa3f"""
"1"," ""680S6aa3f"""
"1","
"
"1"," [953]"
"1"," ""680S6aa3f"""
"1"," ""680S6aa3f"""
"1"," ""680S6aa3f"""
"1"," ""680S6aa3f"""
"1"," ""680S6aa3f"""
"1"," ""680S6aa3f"""
"1"," ""680S6aa3f"""
"1","
"
"1"," [960]"
"1"," ""680S6aa3f"""
"1"," ""680S6aa3f"""
"1"," ""680S6aa3f"""
"1"," ""680S6aa3f"""
"1"," ""680S6aa3f"""
"1"," ""680S6aa3f"""
"1"," ""680S6aa3f"""
"1","
"
"1"," [967]"
"1"," ""680S6aa3f"""
"1"," ""680S6aa3f"""
"1"," ""680S6aa3f"""
"1"," ""5a1S60617"""
"1"," ""5a1S60617"""
"1"," ""5a1S60617"""
"1"," ""5a1S60617"""
"1","
"
"1"," [974]"
"1"," ""5a1S60617"""
"1"," ""5a1S60617"""
"1"," ""5a1S60617"""
"1"," ""5a1S60617"""
"1"," ""5a1S60617"""
"1"," ""5a1S60617"""
"1"," ""5a1S60617"""
"1","
"
"1"," [981]"
"1"," ""5a1S60617"""
"1"," ""5a1S60617"""
"1"," ""5a1S60617"""
"1"," ""5a1S60617"""
"1"," ""5a1S60617"""
"1"," ""5a1S60617"""
"1"," ""5a1S60617"""
"1","
"
"1"," [988]"
"1"," ""5a1S60617"""
"1"," ""5a1S60617"""
"1"," ""5a1S60617"""
"1"," ""5a1S60617"""
"1"," ""5a1S60617"""
"1"," ""5a1S60617"""
"1"," ""5a1S60617"""
"1","
"
"1"," [995]"
"1"," ""5a1S60617"""
"1"," ""5a1S60617"""
"1"," ""5a1S60617"""
"1"," ""5a1S60617"""
"1"," ""5a1S60617"""
"1"," ""5a1S60617"""
"1","
"
"1"," [ reached getOption(""max.print"") -- omitted 15926 entries ]
"
"1","
"
"1","$學分數
"
"1","   [1]"
"1"," 2"
"1"," 3"
"1"," 0"
"1"," 3"
"1"," 3"
"1"," 2"
"1"," 4"
"1"," 2"
"1"," 1"
"1"," 0"
"1"," 2"
"1"," 3"
"1"," 0"
"1"," 3"
"1"," 3"
"1"," 2"
"1"," 3"
"1"," 4"
"1"," 2"
"1"," 1"
"1"," 0"
"1"," 3"
"1"," 2"
"1"," 3"
"1"," 2"
"1"," 3"
"1"," 3"
"1"," 3"
"1"," 2"
"1"," 0"
"1"," 3"
"1"," 3"
"1"," 3"
"1"," 2"
"1"," 2"
"1"," 2"
"1"," 3"
"1"," 3"
"1"," 2"
"1"," 0"
"1"," 2"
"1"," 2"
"1"," 2"
"1"," 3"
"1","
"
"1","  [45]"
"1"," 2"
"1"," 2"
"1"," 3"
"1"," 3"
"1"," 2"
"1"," 2"
"1"," 2"
"1"," 2"
"1"," 2"
"1"," 2"
"1"," 2"
"1"," 2"
"1"," 3"
"1"," 2"
"1"," 3"
"1"," 2"
"1"," 2"
"1"," 3"
"1"," 3"
"1"," 3"
"1"," 2"
"1"," 3"
"1"," 2"
"1"," 3"
"1"," 3"
"1"," 3"
"1"," 2"
"1"," 0"
"1"," 4"
"1"," 2"
"1"," 1"
"1"," 0"
"1"," 2"
"1"," 3"
"1"," 3"
"1"," 3"
"1"," 2"
"1"," 0"
"1"," 4"
"1"," 2"
"1"," 1"
"1"," 0"
"1"," 2"
"1"," 2"
"1","
"
"1","  [89]"
"1"," 3"
"1"," 2"
"1"," 2"
"1"," 3"
"1"," 3"
"1"," 3"
"1"," 2"
"1"," 0"
"1"," 2"
"1"," 3"
"1"," 2"
"1"," 2"
"1"," 2"
"1"," 3"
"1"," 3"
"1"," 3"
"1"," 2"
"1"," 0"
"1"," 2"
"1"," 2"
"1"," 2"
"1"," 2"
"1"," 2"
"1"," 2"
"1"," 2"
"1"," 3"
"1"," 2"
"1"," 2"
"1"," 3"
"1"," 2"
"1"," 2"
"1"," 2"
"1"," 2"
"1"," 2"
"1"," 2"
"1"," 2"
"1"," 2"
"1"," 3"
"1"," 2"
"1"," 3"
"1"," 2"
"1"," 2"
"1"," 2"
"1"," 2"
"1","
"
"1"," [133]"
"1"," 2"
"1"," 2"
"1"," 3"
"1"," 2"
"1"," 2"
"1"," 3"
"1"," 3"
"1"," 3"
"1"," 2"
"1"," 0"
"1"," 4"
"1"," 2"
"1"," 1"
"1"," 0"
"1"," 2"
"1"," 3"
"1"," 3"
"1"," 3"
"1"," 2"
"1"," 0"
"1"," 3"
"1"," 4"
"1"," 2"
"1"," 1"
"1"," 0"
"1"," 3"
"1"," 2"
"1"," 2"
"1"," 2"
"1"," 3"
"1"," 3"
"1"," 3"
"1"," 2"
"1"," 0"
"1"," 2"
"1"," 3"
"1"," 2"
"1"," 2"
"1"," 2"
"1"," 3"
"1"," 3"
"1"," 2"
"1"," 0"
"1"," 2"
"1","
"
"1"," [177]"
"1"," 2"
"1"," 3"
"1"," 2"
"1"," 2"
"1"," 2"
"1"," 2"
"1"," 3"
"1"," 2"
"1"," 3"
"1"," 3"
"1"," 2"
"1"," 2"
"1"," 2"
"1"," 3"
"1"," 2"
"1"," 2"
"1"," 2"
"1"," 2"
"1"," 3"
"1"," 2"
"1"," 3"
"1"," 2"
"1"," 3"
"1"," 3"
"1"," 3"
"1"," 2"
"1"," 2"
"1"," 3"
"1"," 0"
"1"," 3"
"1"," 3"
"1"," 2"
"1"," 4"
"1"," 2"
"1"," 1"
"1"," 0"
"1"," 3"
"1"," 0"
"1"," 3"
"1"," 3"
"1"," 2"
"1"," 3"
"1"," 4"
"1"," 2"
"1","
"
"1"," [221]"
"1"," 1"
"1"," 0"
"1"," 4"
"1"," 3"
"1"," 2"
"1"," 2"
"1"," 2"
"1"," 2"
"1"," 3"
"1"," 3"
"1"," 3"
"1"," 0"
"1"," 4"
"1"," 3"
"1"," 2"
"1"," 2"
"1"," 2"
"1"," 3"
"1"," 3"
"1"," 3"
"1"," 0"
"1"," 2"
"1"," 2"
"1"," 2"
"1"," 3"
"1"," 2"
"1"," 2"
"1"," 3"
"1"," 3"
"1"," 2"
"1"," 2"
"1"," 3"
"1"," 3"
"1"," 2"
"1"," 2"
"1"," 3"
"1"," 2"
"1"," 2"
"1"," 3"
"1"," 2"
"1"," 2"
"1"," 3"
"1"," 3"
"1"," 2"
"1","
"
"1"," [265]"
"1"," 3"
"1"," 2"
"1"," 2"
"1"," 3"
"1"," 2"
"1"," 3"
"1"," 2"
"1"," 2"
"1"," 2"
"1"," 3"
"1"," 3"
"1"," 2"
"1"," 2"
"1"," 3"
"1"," 3"
"1"," 3"
"1"," 2"
"1"," 0"
"1"," 3"
"1"," 4"
"1"," 2"
"1"," 1"
"1"," 0"
"1"," 3"
"1"," 3"
"1"," 3"
"1"," 2"
"1"," 0"
"1"," 4"
"1"," 2"
"1"," 1"
"1"," 0"
"1"," 2"
"1"," 3"
"1"," 3"
"1"," 2"
"1"," 2"
"1"," 2"
"1"," 2"
"1"," 3"
"1"," 3"
"1"," 0"
"1"," 2"
"1"," 3"
"1","
"
"1"," [309]"
"1"," 3"
"1"," 2"
"1"," 2"
"1"," 2"
"1"," 4"
"1"," 3"
"1"," 3"
"1"," 0"
"1"," 2"
"1"," 3"
"1"," 0"
"1"," 3"
"1"," 3"
"1"," 2"
"1"," 4"
"1"," 2"
"1"," 1"
"1"," 0"
"1"," 2"
"1"," 3"
"1"," 0"
"1"," 3"
"1"," 3"
"1"," 2"
"1"," 3"
"1"," 4"
"1"," 2"
"1"," 1"
"1"," 0"
"1"," 4"
"1"," 3"
"1"," 3"
"1"," 2"
"1"," 3"
"1"," 3"
"1"," 3"
"1"," 2"
"1"," 0"
"1"," 4"
"1"," 3"
"1"," 2"
"1"," 3"
"1"," 3"
"1"," 3"
"1","
"
"1"," [353]"
"1"," 2"
"1"," 0"
"1"," 2"
"1"," 2"
"1"," 2"
"1"," 3"
"1"," 3"
"1"," 2"
"1"," 3"
"1"," 2"
"1"," 2"
"1"," 3"
"1"," 3"
"1"," 2"
"1"," 3"
"1"," 3"
"1"," 3"
"1"," 2"
"1"," 3"
"1"," 2"
"1"," 2"
"1"," 3"
"1"," 2"
"1"," 2"
"1"," 2"
"1"," 2"
"1"," 3"
"1"," 2"
"1"," 3"
"1"," 3"
"1"," 2"
"1"," 2"
"1"," 2"
"1"," 2"
"1"," 3"
"1"," 3"
"1"," 2"
"1"," 3"
"1"," 3"
"1"," 2"
"1"," 2"
"1"," 2"
"1"," 3"
"1"," 0"
"1","
"
"1"," [397]"
"1"," 3"
"1"," 3"
"1"," 2"
"1"," 4"
"1"," 2"
"1"," 1"
"1"," 0"
"1"," 2"
"1"," 3"
"1"," 0"
"1"," 3"
"1"," 3"
"1"," 2"
"1"," 4"
"1"," 2"
"1"," 1"
"1"," 0"
"1"," 2"
"1"," 3"
"1"," 3"
"1"," 2"
"1"," 2"
"1"," 2"
"1"," 2"
"1"," 3"
"1"," 3"
"1"," 2"
"1"," 0"
"1"," 2"
"1"," 3"
"1"," 2"
"1"," 2"
"1"," 2"
"1"," 3"
"1"," 3"
"1"," 3"
"1"," 0"
"1"," 2"
"1"," 2"
"1"," 2"
"1"," 2"
"1"," 3"
"1"," 3"
"1"," 3"
"1","
"
"1"," [441]"
"1"," 2"
"1"," 3"
"1"," 1"
"1"," 2"
"1"," 2"
"1"," 2"
"1"," 2"
"1"," 3"
"1"," 2"
"1"," 2"
"1"," 3"
"1"," 2"
"1"," 1"
"1"," 2"
"1"," 2"
"1"," 3"
"1"," 2"
"1"," 2"
"1"," 3"
"1"," 3"
"1"," 3"
"1"," 2"
"1"," 2"
"1"," 3"
"1"," 3"
"1"," 3"
"1"," 2"
"1"," 0"
"1"," 4"
"1"," 2"
"1"," 1"
"1"," 0"
"1"," 2"
"1"," 3"
"1"," 3"
"1"," 3"
"1"," 2"
"1"," 0"
"1"," 3"
"1"," 4"
"1"," 2"
"1"," 1"
"1"," 0"
"1"," 2"
"1","
"
"1"," [485]"
"1"," 3"
"1"," 3"
"1"," 2"
"1"," 0"
"1"," 4"
"1"," 2"
"1"," 0"
"1"," 3"
"1"," 2"
"1"," 3"
"1"," 2"
"1"," 3"
"1"," 2"
"1"," 3"
"1"," 3"
"1"," 2"
"1"," 2"
"1"," 0"
"1"," 3"
"1"," 2"
"1"," 2"
"1"," 3"
"1"," 2"
"1"," 3"
"1"," 3"
"1"," 2"
"1"," 0"
"1"," 2"
"1"," 2"
"1"," 2"
"1"," 2"
"1"," 2"
"1"," 3"
"1"," 3"
"1"," 2"
"1"," 3"
"1"," 2"
"1"," 2"
"1"," 2"
"1"," 2"
"1"," 2"
"1"," 2"
"1"," 2"
"1"," 3"
"1","
"
"1"," [529]"
"1"," 3"
"1"," 3"
"1"," 2"
"1"," 3"
"1"," 1"
"1"," 3"
"1"," 3"
"1"," 0"
"1"," 2"
"1"," 1"
"1"," 2"
"1"," 3"
"1"," 2"
"1"," 0"
"1"," 2"
"1"," 3"
"1"," 3"
"1"," 3"
"1"," 2"
"1"," 0"
"1"," 4"
"1"," 2"
"1"," 1"
"1"," 0"
"1"," 2"
"1"," 3"
"1"," 3"
"1"," 3"
"1"," 2"
"1"," 0"
"1"," 4"
"1"," 2"
"1"," 1"
"1"," 0"
"1"," 3"
"1"," 3"
"1"," 3"
"1"," 2"
"1"," 2"
"1"," 2"
"1"," 3"
"1"," 3"
"1"," 3"
"1"," 3"
"1","
"
"1"," [573]"
"1"," 0"
"1"," 3"
"1"," 3"
"1"," 2"
"1"," 2"
"1"," 2"
"1"," 3"
"1"," 3"
"1"," 3"
"1"," 3"
"1"," 0"
"1"," 2"
"1"," 2"
"1"," 2"
"1"," 2"
"1"," 2"
"1"," 2"
"1"," 3"
"1"," 2"
"1"," 3"
"1"," 3"
"1"," 2"
"1"," 3"
"1"," 2"
"1"," 2"
"1"," 2"
"1"," 2"
"1"," 2"
"1"," 2"
"1"," 2"
"1"," 3"
"1"," 2"
"1"," 2"
"1"," 3"
"1"," 2"
"1"," 2"
"1"," 2"
"1"," 3"
"1"," 2"
"1"," 2"
"1"," 2"
"1"," 2"
"1"," 3"
"1"," 2"
"1","
"
"1"," [617]"
"1"," 3"
"1"," 3"
"1"," 3"
"1"," 2"
"1"," 0"
"1"," 3"
"1"," 4"
"1"," 2"
"1"," 1"
"1"," 0"
"1"," 2"
"1"," 3"
"1"," 3"
"1"," 3"
"1"," 2"
"1"," 0"
"1"," 4"
"1"," 2"
"1"," 1"
"1"," 0"
"1"," 3"
"1"," 3"
"1"," 3"
"1"," 2"
"1"," 3"
"1"," 3"
"1"," 2"
"1"," 2"
"1"," 3"
"1"," 0"
"1"," 3"
"1"," 2"
"1"," 3"
"1"," 2"
"1"," 2"
"1"," 2"
"1"," 3"
"1"," 2"
"1"," 3"
"1"," 2"
"1"," 0"
"1"," 2"
"1"," 2"
"1"," 2"
"1","
"
"1"," [661]"
"1"," 2"
"1"," 2"
"1"," 2"
"1"," 3"
"1"," 2"
"1"," 2"
"1"," 3"
"1"," 3"
"1"," 2"
"1"," 2"
"1"," 2"
"1"," 2"
"1"," 2"
"1"," 2"
"1"," 2"
"1"," 2"
"1"," 2"
"1"," 2"
"1"," 3"
"1"," 3"
"1"," 2"
"1"," 3"
"1"," 0"
"1"," 3"
"1"," 3"
"1"," 2"
"1"," 3"
"1"," 2"
"1"," 2"
"1"," 3"
"1"," 0"
"1"," 3"
"1"," 3"
"1"," 4"
"1"," 2"
"1"," 1"
"1"," 0"
"1"," 2"
"1"," 3"
"1"," 0"
"1"," 3"
"1"," 3"
"1"," 3"
"1"," 4"
"1","
"
"1"," [705]"
"1"," 2"
"1"," 1"
"1"," 0"
"1"," 3"
"1"," 2"
"1"," 3"
"1"," 2"
"1"," 2"
"1"," 3"
"1"," 3"
"1"," 3"
"1"," 2"
"1"," 0"
"1"," 3"
"1"," 3"
"1"," 2"
"1"," 2"
"1"," 2"
"1"," 3"
"1"," 3"
"1"," 2"
"1"," 0"
"1"," 2"
"1"," 2"
"1"," 3"
"1"," 3"
"1"," 2"
"1"," 2"
"1"," 2"
"1"," 2"
"1"," 2"
"1"," 2"
"1"," 2"
"1"," 3"
"1"," 3"
"1"," 2"
"1"," 2"
"1"," 2"
"1"," 2"
"1"," 2"
"1"," 2"
"1"," 3"
"1"," 3"
"1"," 3"
"1","
"
"1"," [749]"
"1"," 3"
"1"," 2"
"1"," 3"
"1"," 3"
"1"," 2"
"1"," 3"
"1"," 0"
"1"," 3"
"1"," 3"
"1"," 2"
"1"," 3"
"1"," 4"
"1"," 2"
"1"," 1"
"1"," 0"
"1"," 2"
"1"," 3"
"1"," 0"
"1"," 3"
"1"," 3"
"1"," 2"
"1"," 2"
"1"," 4"
"1"," 2"
"1"," 1"
"1"," 0"
"1"," 3"
"1"," 2"
"1"," 2"
"1"," 3"
"1"," 3"
"1"," 3"
"1"," 3"
"1"," 0"
"1"," 3"
"1"," 3"
"1"," 3"
"1"," 3"
"1"," 3"
"1"," 3"
"1"," 3"
"1"," 0"
"1"," 2"
"1"," 2"
"1","
"
"1"," [793]"
"1"," 2"
"1"," 2"
"1"," 2"
"1"," 2"
"1"," 2"
"1"," 2"
"1"," 3"
"1"," 2"
"1"," 3"
"1"," 2"
"1"," 2"
"1"," 2"
"1"," 2"
"1"," 2"
"1"," 2"
"1"," 2"
"1"," 2"
"1"," 3"
"1"," 2"
"1"," 3"
"1"," 2"
"1"," 2"
"1"," 2"
"1"," 2"
"1"," 2"
"1"," 2"
"1"," 2"
"1"," 2"
"1"," 3"
"1"," 3"
"1"," 3"
"1"," 2"
"1"," 0"
"1"," 4"
"1"," 2"
"1"," 1"
"1"," 0"
"1"," 3"
"1"," 3"
"1"," 3"
"1"," 2"
"1"," 0"
"1"," 3"
"1"," 4"
"1","
"
"1"," [837]"
"1"," 1"
"1"," 0"
"1"," 2"
"1"," 2"
"1"," 3"
"1"," 2"
"1"," 2"
"1"," 2"
"1"," 2"
"1"," 3"
"1"," 3"
"1"," 2"
"1"," 0"
"1"," 2"
"1"," 3"
"1"," 2"
"1"," 3"
"1"," 2"
"1"," 2"
"1"," 3"
"1"," 3"
"1"," 2"
"1"," 3"
"1"," 0"
"1"," 2"
"1"," 2"
"1"," 2"
"1"," 2"
"1"," 2"
"1"," 2"
"1"," 2"
"1"," 2"
"1"," 3"
"1"," 2"
"1"," 3"
"1"," 2"
"1"," 2"
"1"," 2"
"1"," 2"
"1"," 2"
"1"," 2"
"1"," 3"
"1"," 2"
"1"," 2"
"1","
"
"1"," [881]"
"1"," 3"
"1"," 3"
"1"," 2"
"1"," 2"
"1"," 3"
"1"," 2"
"1"," 2"
"1"," 2"
"1"," 2"
"1"," 2"
"1"," 2"
"1"," 2"
"1"," 2"
"1"," 2"
"1"," 2"
"1"," 3"
"1"," 3"
"1"," 3"
"1"," 2"
"1"," 2"
"1"," 3"
"1"," 0"
"1"," 3"
"1"," 3"
"1"," 2"
"1"," 3"
"1"," 4"
"1"," 2"
"1"," 1"
"1"," 0"
"1"," 2"
"1"," 3"
"1"," 0"
"1"," 3"
"1"," 3"
"1"," 2"
"1"," 4"
"1"," 2"
"1"," 1"
"1"," 0"
"1"," 3"
"1"," 2"
"1"," 3"
"1"," 2"
"1","
"
"1"," [925]"
"1"," 2"
"1"," 3"
"1"," 3"
"1"," 3"
"1"," 2"
"1"," 0"
"1"," 3"
"1"," 2"
"1"," 3"
"1"," 2"
"1"," 2"
"1"," 3"
"1"," 3"
"1"," 2"
"1"," 2"
"1"," 0"
"1"," 2"
"1"," 2"
"1"," 2"
"1"," 3"
"1"," 2"
"1"," 2"
"1"," 2"
"1"," 2"
"1"," 2"
"1"," 2"
"1"," 3"
"1"," 3"
"1"," 2"
"1"," 2"
"1"," 2"
"1"," 2"
"1"," 2"
"1"," 2"
"1"," 2"
"1"," 3"
"1"," 3"
"1"," 3"
"1"," 2"
"1"," 2"
"1"," 2"
"1"," 3"
"1"," 2"
"1"," 2"
"1","
"
"1"," [969]"
"1"," 2"
"1"," 2"
"1"," 3"
"1"," 3"
"1"," 3"
"1"," 3"
"1"," 2"
"1"," 0"
"1"," 4"
"1"," 2"
"1"," 1"
"1"," 0"
"1"," 2"
"1"," 3"
"1"," 3"
"1"," 3"
"1"," 2"
"1"," 0"
"1"," 3"
"1"," 4"
"1"," 2"
"1"," 1"
"1"," 0"
"1"," 3"
"1"," 2"
"1"," 2"
"1"," 2"
"1"," 2"
"1"," 3"
"1"," 3"
"1"," 2"
"1"," 0"
"1","
"
"1"," [ reached getOption(""max.print"") -- omitted 15926 entries ]
"
"1","
"
"1","$`必選修類別（必∕選∕通）`
"
"1","   [1]"
"1"," ""選"""
"1"," ""必"""
"1"," ""必"""
"1"," ""必"""
"1"," ""必"""
"1"," ""必"""
"1"," ""必"""
"1"," ""必"""
"1"," ""必"""
"1"," ""必"""
"1"," ""選"""
"1"," ""必"""
"1"," ""必"""
"1"," ""必"""
"1"," ""必"""
"1"," ""必"""
"1"," ""選"""
"1","
"
"1","  [18]"
"1"," ""必"""
"1"," ""必"""
"1"," ""必"""
"1"," ""必"""
"1"," ""選"""
"1"," ""通"""
"1"," ""必"""
"1"," ""選"""
"1"," ""必"""
"1"," ""必"""
"1"," ""必"""
"1"," ""選"""
"1"," ""必"""
"1"," ""選"""
"1"," ""必"""
"1"," ""選"""
"1"," ""選"""
"1","
"
"1","  [35]"
"1"," ""選"""
"1"," ""通"""
"1"," ""必"""
"1"," ""必"""
"1"," ""選"""
"1"," ""必"""
"1"," ""必"""
"1"," ""選"""
"1"," ""必"""
"1"," ""選"""
"1"," ""通"""
"1"," ""必"""
"1"," ""選"""
"1"," ""選"""
"1"," ""必"""
"1"," ""必"""
"1"," ""選"""
"1","
"
"1","  [52]"
"1"," ""必"""
"1"," ""選"""
"1"," ""通"""
"1"," ""必"""
"1"," ""通"""
"1"," ""選"""
"1"," ""必"""
"1"," ""選"""
"1"," ""通"""
"1"," ""通"""
"1"," ""選"""
"1"," ""選"""
"1"," ""必"""
"1"," ""通"""
"1"," ""選"""
"1"," ""選"""
"1"," ""必"""
"1","
"
"1","  [69]"
"1"," ""必"""
"1"," ""必"""
"1"," ""必"""
"1"," ""必"""
"1"," ""必"""
"1"," ""必"""
"1"," ""必"""
"1"," ""必"""
"1"," ""選"""
"1"," ""必"""
"1"," ""必"""
"1"," ""必"""
"1"," ""必"""
"1"," ""必"""
"1"," ""必"""
"1"," ""必"""
"1"," ""必"""
"1","
"
"1","  [86]"
"1"," ""必"""
"1"," ""通"""
"1"," ""選"""
"1"," ""必"""
"1"," ""選"""
"1"," ""通"""
"1"," ""必"""
"1"," ""選"""
"1"," ""必"""
"1"," ""選"""
"1"," ""必"""
"1"," ""選"""
"1"," ""必"""
"1"," ""通"""
"1"," ""選"""
"1"," ""通"""
"1"," ""必"""
"1","
"
"1"," [103]"
"1"," ""選"""
"1"," ""必"""
"1"," ""選"""
"1"," ""必"""
"1"," ""必"""
"1"," ""選"""
"1"," ""必"""
"1"," ""選"""
"1"," ""通"""
"1"," ""選"""
"1"," ""必"""
"1"," ""選"""
"1"," ""必"""
"1"," ""選"""
"1"," ""選"""
"1"," ""必"""
"1"," ""必"""
"1","
"
"1"," [120]"
"1"," ""選"""
"1"," ""通"""
"1"," ""選"""
"1"," ""必"""
"1"," ""必"""
"1"," ""選"""
"1"," ""必"""
"1"," ""選"""
"1"," ""選"""
"1"," ""必"""
"1"," ""選"""
"1"," ""選"""
"1"," ""選"""
"1"," ""選"""
"1"," ""選"""
"1"," ""選"""
"1"," ""必"""
"1","
"
"1"," [137]"
"1"," ""選"""
"1"," ""必"""
"1"," ""必"""
"1"," ""必"""
"1"," ""必"""
"1"," ""必"""
"1"," ""必"""
"1"," ""必"""
"1"," ""必"""
"1"," ""必"""
"1"," ""選"""
"1"," ""必"""
"1"," ""必"""
"1"," ""必"""
"1"," ""必"""
"1"," ""必"""
"1"," ""選"""
"1","
"
"1"," [154]"
"1"," ""必"""
"1"," ""必"""
"1"," ""必"""
"1"," ""必"""
"1"," ""必"""
"1"," ""通"""
"1"," ""選"""
"1"," ""選"""
"1"," ""必"""
"1"," ""必"""
"1"," ""必"""
"1"," ""選"""
"1"," ""必"""
"1"," ""通"""
"1"," ""必"""
"1"," ""通"""
"1"," ""選"""
"1","
"
"1"," [171]"
"1"," ""選"""
"1"," ""必"""
"1"," ""必"""
"1"," ""選"""
"1"," ""必"""
"1"," ""必"""
"1"," ""必"""
"1"," ""必"""
"1"," ""通"""
"1"," ""選"""
"1"," ""必"""
"1"," ""選"""
"1"," ""選"""
"1"," ""必"""
"1"," ""選"""
"1"," ""選"""
"1"," ""必"""
"1","
"
"1"," [188]"
"1"," ""必"""
"1"," ""選"""
"1"," ""必"""
"1"," ""通"""
"1"," ""選"""
"1"," ""必"""
"1"," ""必"""
"1"," ""選"""
"1"," ""選"""
"1"," ""必"""
"1"," ""通"""
"1"," ""選"""
"1"," ""選"""
"1"," ""選"""
"1"," ""選"""
"1"," ""必"""
"1"," ""必"""
"1","
"
"1"," [205]"
"1"," ""必"""
"1"," ""必"""
"1"," ""必"""
"1"," ""必"""
"1"," ""必"""
"1"," ""必"""
"1"," ""必"""
"1"," ""必"""
"1"," ""必"""
"1"," ""必"""
"1"," ""必"""
"1"," ""必"""
"1"," ""必"""
"1"," ""選"""
"1"," ""必"""
"1"," ""必"""
"1"," ""必"""
"1","
"
"1"," [222]"
"1"," ""必"""
"1"," ""選"""
"1"," ""必"""
"1"," ""選"""
"1"," ""通"""
"1"," ""選"""
"1"," ""通"""
"1"," ""必"""
"1"," ""必"""
"1"," ""必"""
"1"," ""必"""
"1"," ""選"""
"1"," ""必"""
"1"," ""選"""
"1"," ""選"""
"1"," ""通"""
"1"," ""必"""
"1","
"
"1"," [239]"
"1"," ""必"""
"1"," ""選"""
"1"," ""必"""
"1"," ""通"""
"1"," ""必"""
"1"," ""必"""
"1"," ""選"""
"1"," ""選"""
"1"," ""選"""
"1"," ""必"""
"1"," ""選"""
"1"," ""必"""
"1"," ""選"""
"1"," ""選"""
"1"," ""選"""
"1"," ""必"""
"1"," ""必"""
"1","
"
"1"," [256]"
"1"," ""選"""
"1"," ""通"""
"1"," ""選"""
"1"," ""必"""
"1"," ""必"""
"1"," ""選"""
"1"," ""選"""
"1"," ""必"""
"1"," ""選"""
"1"," ""選"""
"1"," ""通"""
"1"," ""選"""
"1"," ""選"""
"1"," ""必"""
"1"," ""選"""
"1"," ""選"""
"1"," ""選"""
"1","
"
"1"," [273]"
"1"," ""選"""
"1"," ""選"""
"1"," ""必"""
"1"," ""必"""
"1"," ""通"""
"1"," ""必"""
"1"," ""必"""
"1"," ""必"""
"1"," ""必"""
"1"," ""必"""
"1"," ""選"""
"1"," ""必"""
"1"," ""必"""
"1"," ""必"""
"1"," ""必"""
"1"," ""必"""
"1"," ""必"""
"1","
"
"1"," [290]"
"1"," ""必"""
"1"," ""必"""
"1"," ""必"""
"1"," ""必"""
"1"," ""必"""
"1"," ""必"""
"1"," ""必"""
"1"," ""選"""
"1"," ""必"""
"1"," ""必"""
"1"," ""通"""
"1"," ""選"""
"1"," ""選"""
"1"," ""通"""
"1"," ""必"""
"1"," ""選"""
"1"," ""必"""
"1","
"
"1"," [307]"
"1"," ""選"""
"1"," ""必"""
"1"," ""選"""
"1"," ""選"""
"1"," ""通"""
"1"," ""選"""
"1"," ""必"""
"1"," ""選"""
"1"," ""選"""
"1"," ""必"""
"1"," ""選"""
"1"," ""必"""
"1"," ""必"""
"1"," ""必"""
"1"," ""必"""
"1"," ""必"""
"1"," ""必"""
"1","
"
"1"," [324]"
"1"," ""必"""
"1"," ""必"""
"1"," ""必"""
"1"," ""選"""
"1"," ""必"""
"1"," ""必"""
"1"," ""必"""
"1"," ""必"""
"1"," ""必"""
"1"," ""選"""
"1"," ""必"""
"1"," ""必"""
"1"," ""必"""
"1"," ""必"""
"1"," ""選"""
"1"," ""必"""
"1"," ""選"""
"1","
"
"1"," [341]"
"1"," ""通"""
"1"," ""必"""
"1"," ""必"""
"1"," ""必"""
"1"," ""選"""
"1"," ""必"""
"1"," ""選"""
"1"," ""必"""
"1"," ""通"""
"1"," ""必"""
"1"," ""必"""
"1"," ""選"""
"1"," ""選"""
"1"," ""必"""
"1"," ""必"""
"1"," ""通"""
"1"," ""通"""
"1","
"
"1"," [358]"
"1"," ""選"""
"1"," ""選"""
"1"," ""通"""
"1"," ""必"""
"1"," ""必"""
"1"," ""選"""
"1"," ""選"""
"1"," ""選"""
"1"," ""必"""
"1"," ""選"""
"1"," ""選"""
"1"," ""選"""
"1"," ""通"""
"1"," ""必"""
"1"," ""必"""
"1"," ""選"""
"1"," ""必"""
"1","
"
"1"," [375]"
"1"," ""必"""
"1"," ""選"""
"1"," ""選"""
"1"," ""選"""
"1"," ""選"""
"1"," ""必"""
"1"," ""選"""
"1"," ""選"""
"1"," ""必"""
"1"," ""選"""
"1"," ""選"""
"1"," ""選"""
"1"," ""選"""
"1"," ""選"""
"1"," ""必"""
"1"," ""選"""
"1"," ""選"""
"1","
"
"1"," [392]"
"1"," ""選"""
"1"," ""選"""
"1"," ""選"""
"1"," ""必"""
"1"," ""必"""
"1"," ""必"""
"1"," ""必"""
"1"," ""必"""
"1"," ""必"""
"1"," ""必"""
"1"," ""必"""
"1"," ""必"""
"1"," ""選"""
"1"," ""必"""
"1"," ""必"""
"1"," ""必"""
"1"," ""必"""
"1","
"
"1"," [409]"
"1"," ""必"""
"1"," ""必"""
"1"," ""必"""
"1"," ""必"""
"1"," ""必"""
"1"," ""通"""
"1"," ""必"""
"1"," ""必"""
"1"," ""選"""
"1"," ""選"""
"1"," ""選"""
"1"," ""通"""
"1"," ""必"""
"1"," ""必"""
"1"," ""必"""
"1"," ""必"""
"1"," ""通"""
"1","
"
"1"," [426]"
"1"," ""必"""
"1"," ""選"""
"1"," ""通"""
"1"," ""選"""
"1"," ""必"""
"1"," ""必"""
"1"," ""必"""
"1"," ""必"""
"1"," ""必"""
"1"," ""選"""
"1"," ""必"""
"1"," ""必"""
"1"," ""選"""
"1"," ""選"""
"1"," ""必"""
"1"," ""必"""
"1"," ""選"""
"1","
"
"1"," [443]"
"1"," ""選"""
"1"," ""必"""
"1"," ""通"""
"1"," ""選"""
"1"," ""必"""
"1"," ""選"""
"1"," ""通"""
"1"," ""必"""
"1"," ""選"""
"1"," ""必"""
"1"," ""選"""
"1"," ""通"""
"1"," ""通"""
"1"," ""選"""
"1"," ""選"""
"1"," ""通"""
"1"," ""選"""
"1","
"
"1"," [460]"
"1"," ""必"""
"1"," ""選"""
"1"," ""選"""
"1"," ""通"""
"1"," ""必"""
"1"," ""必"""
"1"," ""必"""
"1"," ""必"""
"1"," ""必"""
"1"," ""必"""
"1"," ""必"""
"1"," ""必"""
"1"," ""必"""
"1"," ""選"""
"1"," ""必"""
"1"," ""必"""
"1"," ""必"""
"1","
"
"1"," [477]"
"1"," ""必"""
"1"," ""必"""
"1"," ""選"""
"1"," ""必"""
"1"," ""必"""
"1"," ""必"""
"1"," ""必"""
"1"," ""選"""
"1"," ""必"""
"1"," ""必"""
"1"," ""必"""
"1"," ""必"""
"1"," ""必"""
"1"," ""必"""
"1"," ""必"""
"1"," ""必"""
"1"," ""通"""
"1","
"
"1"," [494]"
"1"," ""選"""
"1"," ""選"""
"1"," ""必"""
"1"," ""選"""
"1"," ""必"""
"1"," ""必"""
"1"," ""選"""
"1"," ""選"""
"1"," ""必"""
"1"," ""必"""
"1"," ""選"""
"1"," ""選"""
"1"," ""必"""
"1"," ""選"""
"1"," ""必"""
"1"," ""必"""
"1"," ""選"""
"1","
"
"1"," [511]"
"1"," ""必"""
"1"," ""通"""
"1"," ""必"""
"1"," ""必"""
"1"," ""選"""
"1"," ""必"""
"1"," ""選"""
"1"," ""必"""
"1"," ""必"""
"1"," ""選"""
"1"," ""必"""
"1"," ""必"""
"1"," ""通"""
"1"," ""通"""
"1"," ""通"""
"1"," ""必"""
"1"," ""必"""
"1","
"
"1"," [528]"
"1"," ""選"""
"1"," ""選"""
"1"," ""必"""
"1"," ""選"""
"1"," ""選"""
"1"," ""必"""
"1"," ""選"""
"1"," ""選"""
"1"," ""必"""
"1"," ""選"""
"1"," ""必"""
"1"," ""選"""
"1"," ""選"""
"1"," ""通"""
"1"," ""必"""
"1"," ""選"""
"1"," ""必"""
"1","
"
"1"," [545]"
"1"," ""必"""
"1"," ""必"""
"1"," ""必"""
"1"," ""必"""
"1"," ""必"""
"1"," ""必"""
"1"," ""必"""
"1"," ""必"""
"1"," ""選"""
"1"," ""必"""
"1"," ""必"""
"1"," ""必"""
"1"," ""必"""
"1"," ""必"""
"1"," ""必"""
"1"," ""必"""
"1"," ""必"""
"1","
"
"1"," [562]"
"1"," ""必"""
"1"," ""選"""
"1"," ""必"""
"1"," ""必"""
"1"," ""必"""
"1"," ""通"""
"1"," ""選"""
"1"," ""必"""
"1"," ""必"""
"1"," ""必"""
"1"," ""選"""
"1"," ""必"""
"1"," ""選"""
"1"," ""必"""
"1"," ""必"""
"1"," ""選"""
"1"," ""選"""
"1","
"
"1"," [579]"
"1"," ""必"""
"1"," ""必"""
"1"," ""必"""
"1"," ""必"""
"1"," ""必"""
"1"," ""必"""
"1"," ""選"""
"1"," ""通"""
"1"," ""必"""
"1"," ""選"""
"1"," ""必"""
"1"," ""選"""
"1"," ""必"""
"1"," ""選"""
"1"," ""選"""
"1"," ""必"""
"1"," ""必"""
"1","
"
"1"," [596]"
"1"," ""必"""
"1"," ""選"""
"1"," ""通"""
"1"," ""通"""
"1"," ""選"""
"1"," ""必"""
"1"," ""必"""
"1"," ""選"""
"1"," ""選"""
"1"," ""選"""
"1"," ""通"""
"1"," ""選"""
"1"," ""通"""
"1"," ""選"""
"1"," ""選"""
"1"," ""選"""
"1"," ""通"""
"1","
"
"1"," [613]"
"1"," ""選"""
"1"," ""選"""
"1"," ""選"""
"1"," ""選"""
"1"," ""必"""
"1"," ""必"""
"1"," ""必"""
"1"," ""必"""
"1"," ""必"""
"1"," ""選"""
"1"," ""必"""
"1"," ""必"""
"1"," ""必"""
"1"," ""必"""
"1"," ""選"""
"1"," ""必"""
"1"," ""必"""
"1","
"
"1"," [630]"
"1"," ""必"""
"1"," ""必"""
"1"," ""必"""
"1"," ""必"""
"1"," ""必"""
"1"," ""必"""
"1"," ""必"""
"1"," ""選"""
"1"," ""必"""
"1"," ""選"""
"1"," ""選"""
"1"," ""必"""
"1"," ""必"""
"1"," ""選"""
"1"," ""選"""
"1"," ""選"""
"1"," ""必"""
"1","
"
"1"," [647]"
"1"," ""選"""
"1"," ""選"""
"1"," ""必"""
"1"," ""選"""
"1"," ""通"""
"1"," ""選"""
"1"," ""必"""
"1"," ""通"""
"1"," ""必"""
"1"," ""選"""
"1"," ""必"""
"1"," ""通"""
"1"," ""必"""
"1"," ""必"""
"1"," ""選"""
"1"," ""選"""
"1"," ""必"""
"1","
"
"1"," [664]"
"1"," ""選"""
"1"," ""必"""
"1"," ""選"""
"1"," ""選"""
"1"," ""選"""
"1"," ""必"""
"1"," ""必"""
"1"," ""選"""
"1"," ""通"""
"1"," ""必"""
"1"," ""通"""
"1"," ""選"""
"1"," ""必"""
"1"," ""必"""
"1"," ""選"""
"1"," ""必"""
"1"," ""選"""
"1","
"
"1"," [681]"
"1"," ""選"""
"1"," ""選"""
"1"," ""必"""
"1"," ""選"""
"1"," ""必"""
"1"," ""選"""
"1"," ""選"""
"1"," ""通"""
"1"," ""選"""
"1"," ""必"""
"1"," ""必"""
"1"," ""必"""
"1"," ""必"""
"1"," ""必"""
"1"," ""必"""
"1"," ""必"""
"1"," ""必"""
"1","
"
"1"," [698]"
"1"," ""選"""
"1"," ""必"""
"1"," ""必"""
"1"," ""必"""
"1"," ""必"""
"1"," ""選"""
"1"," ""必"""
"1"," ""必"""
"1"," ""必"""
"1"," ""必"""
"1"," ""選"""
"1"," ""通"""
"1"," ""必"""
"1"," ""必"""
"1"," ""選"""
"1"," ""必"""
"1"," ""必"""
"1","
"
"1"," [715]"
"1"," ""必"""
"1"," ""選"""
"1"," ""必"""
"1"," ""選"""
"1"," ""必"""
"1"," ""通"""
"1"," ""必"""
"1"," ""選"""
"1"," ""必"""
"1"," ""必"""
"1"," ""選"""
"1"," ""必"""
"1"," ""必"""
"1"," ""必"""
"1"," ""必"""
"1"," ""選"""
"1"," ""選"""
"1","
"
"1"," [732]"
"1"," ""必"""
"1"," ""通"""
"1"," ""必"""
"1"," ""選"""
"1"," ""必"""
"1"," ""必"""
"1"," ""選"""
"1"," ""必"""
"1"," ""選"""
"1"," ""必"""
"1"," ""必"""
"1"," ""選"""
"1"," ""通"""
"1"," ""通"""
"1"," ""必"""
"1"," ""必"""
"1"," ""必"""
"1","
"
"1"," [749]"
"1"," ""必"""
"1"," ""通"""
"1"," ""選"""
"1"," ""必"""
"1"," ""選"""
"1"," ""必"""
"1"," ""必"""
"1"," ""必"""
"1"," ""必"""
"1"," ""必"""
"1"," ""選"""
"1"," ""必"""
"1"," ""必"""
"1"," ""必"""
"1"," ""必"""
"1"," ""選"""
"1"," ""必"""
"1","
"
"1"," [766]"
"1"," ""必"""
"1"," ""必"""
"1"," ""必"""
"1"," ""必"""
"1"," ""通"""
"1"," ""必"""
"1"," ""必"""
"1"," ""必"""
"1"," ""必"""
"1"," ""必"""
"1"," ""通"""
"1"," ""通"""
"1"," ""必"""
"1"," ""選"""
"1"," ""選"""
"1"," ""必"""
"1"," ""必"""
"1","
"
"1"," [783]"
"1"," ""必"""
"1"," ""選"""
"1"," ""必"""
"1"," ""選"""
"1"," ""選"""
"1"," ""必"""
"1"," ""選"""
"1"," ""必"""
"1"," ""必"""
"1"," ""選"""
"1"," ""必"""
"1"," ""選"""
"1"," ""必"""
"1"," ""必"""
"1"," ""選"""
"1"," ""選"""
"1"," ""選"""
"1","
"
"1"," [800]"
"1"," ""通"""
"1"," ""選"""
"1"," ""必"""
"1"," ""必"""
"1"," ""選"""
"1"," ""必"""
"1"," ""必"""
"1"," ""選"""
"1"," ""選"""
"1"," ""通"""
"1"," ""選"""
"1"," ""通"""
"1"," ""必"""
"1"," ""選"""
"1"," ""選"""
"1"," ""選"""
"1"," ""必"""
"1","
"
"1"," [817]"
"1"," ""選"""
"1"," ""選"""
"1"," ""通"""
"1"," ""選"""
"1"," ""必"""
"1"," ""必"""
"1"," ""必"""
"1"," ""必"""
"1"," ""必"""
"1"," ""必"""
"1"," ""必"""
"1"," ""必"""
"1"," ""必"""
"1"," ""必"""
"1"," ""必"""
"1"," ""必"""
"1"," ""必"""
"1","
"
"1"," [834]"
"1"," ""必"""
"1"," ""選"""
"1"," ""必"""
"1"," ""必"""
"1"," ""必"""
"1"," ""通"""
"1"," ""選"""
"1"," ""必"""
"1"," ""通"""
"1"," ""選"""
"1"," ""選"""
"1"," ""通"""
"1"," ""必"""
"1"," ""必"""
"1"," ""選"""
"1"," ""必"""
"1"," ""選"""
"1","
"
"1"," [851]"
"1"," ""必"""
"1"," ""通"""
"1"," ""必"""
"1"," ""選"""
"1"," ""選"""
"1"," ""必"""
"1"," ""必"""
"1"," ""選"""
"1"," ""選"""
"1"," ""必"""
"1"," ""選"""
"1"," ""通"""
"1"," ""必"""
"1"," ""必"""
"1"," ""必"""
"1"," ""選"""
"1"," ""選"""
"1","
"
"1"," [868]"
"1"," ""必"""
"1"," ""選"""
"1"," ""必"""
"1"," ""選"""
"1"," ""必"""
"1"," ""必"""
"1"," ""選"""
"1"," ""選"""
"1"," ""選"""
"1"," ""必"""
"1"," ""選"""
"1"," ""必"""
"1"," ""通"""
"1"," ""必"""
"1"," ""選"""
"1"," ""必"""
"1"," ""選"""
"1","
"
"1"," [885]"
"1"," ""選"""
"1"," ""選"""
"1"," ""選"""
"1"," ""選"""
"1"," ""通"""
"1"," ""通"""
"1"," ""必"""
"1"," ""選"""
"1"," ""選"""
"1"," ""通"""
"1"," ""選"""
"1"," ""必"""
"1"," ""選"""
"1"," ""必"""
"1"," ""通"""
"1"," ""選"""
"1"," ""必"""
"1","
"
"1"," [902]"
"1"," ""必"""
"1"," ""必"""
"1"," ""必"""
"1"," ""必"""
"1"," ""選"""
"1"," ""必"""
"1"," ""必"""
"1"," ""必"""
"1"," ""必"""
"1"," ""選"""
"1"," ""必"""
"1"," ""必"""
"1"," ""必"""
"1"," ""必"""
"1"," ""必"""
"1"," ""必"""
"1"," ""必"""
"1","
"
"1"," [919]"
"1"," ""必"""
"1"," ""必"""
"1"," ""選"""
"1"," ""通"""
"1"," ""必"""
"1"," ""選"""
"1"," ""選"""
"1"," ""必"""
"1"," ""必"""
"1"," ""必"""
"1"," ""選"""
"1"," ""必"""
"1"," ""選"""
"1"," ""通"""
"1"," ""必"""
"1"," ""選"""
"1"," ""選"""
"1","
"
"1"," [936]"
"1"," ""必"""
"1"," ""必"""
"1"," ""選"""
"1"," ""通"""
"1"," ""必"""
"1"," ""必"""
"1"," ""選"""
"1"," ""必"""
"1"," ""必"""
"1"," ""選"""
"1"," ""必"""
"1"," ""通"""
"1"," ""通"""
"1"," ""必"""
"1"," ""選"""
"1"," ""選"""
"1"," ""選"""
"1","
"
"1"," [953]"
"1"," ""必"""
"1"," ""必"""
"1"," ""通"""
"1"," ""選"""
"1"," ""必"""
"1"," ""必"""
"1"," ""選"""
"1"," ""選"""
"1"," ""選"""
"1"," ""必"""
"1"," ""選"""
"1"," ""選"""
"1"," ""選"""
"1"," ""選"""
"1"," ""選"""
"1"," ""選"""
"1"," ""選"""
"1","
"
"1"," [970]"
"1"," ""選"""
"1"," ""選"""
"1"," ""必"""
"1"," ""必"""
"1"," ""必"""
"1"," ""必"""
"1"," ""必"""
"1"," ""必"""
"1"," ""必"""
"1"," ""必"""
"1"," ""必"""
"1"," ""選"""
"1"," ""必"""
"1"," ""必"""
"1"," ""必"""
"1"," ""必"""
"1"," ""必"""
"1","
"
"1"," [987]"
"1"," ""選"""
"1"," ""必"""
"1"," ""必"""
"1"," ""必"""
"1"," ""必"""
"1"," ""必"""
"1"," ""通"""
"1"," ""通"""
"1"," ""選"""
"1"," ""選"""
"1"," ""必"""
"1"," ""必"""
"1"," ""選"""
"1"," ""必"""
"1","
"
"1"," [ reached getOption(""max.print"") -- omitted 15926 entries ]
"
"1","
"
